Kana,Type,Pronunciation,Prompt,Educational Text
あ,Hiragana,A,kawaii anime girl teaching あ with cute background,あ is pronounced like 'a in 'car''. Imagine something cute to help you remember!
い,Hiragana,I,kawaii anime girl teaching い with cute background,い is pronounced like 'ee in 'see''. Imagine something cute to help you remember!
う,Hiragana,U,kawaii anime girl teaching う with cute background,う is pronounced like 'oo in 'moon''. Imagine something cute to help you remember!
え,Hiragana,E,kawaii anime girl teaching え with cute background,え is pronounced like 'e in 'bed''. Imagine something cute to help you remember!
お,Hiragana,O,kawaii anime girl teaching お with cute background,お is pronounced like 'o in 'open''. Imagine something cute to help you remember!
か,Hiragana,KA,kawaii anime girl teaching か with cute background,か is pronounced like 'ka in 'car''. Imagine something cute to help you remember!
き,Hiragana,KI,kawaii anime girl teaching き with cute background,き is pronounced like 'kee'. Imagine something cute to help you remember!
く,Hiragana,KU,kawaii anime girl teaching く with cute background,く is pronounced like 'koo'. Imagine something cute to help you remember!
け,Hiragana,KE,kawaii anime girl teaching け with cute background,け is pronounced like 'keh'. Imagine something cute to help you remember!
こ,Hiragana,KO,kawaii anime girl teaching こ with cute background,こ is pronounced like 'ko in 'coffee''. Imagine something cute to help you remember!
さ,Hiragana,SA,kawaii anime girl teaching さ with cute background,さ is pronounced like 'sa in 'sand''. Imagine something cute to help you remember!
し,Hiragana,SHI,kawaii anime girl teaching し with cute background,し is pronounced like 'she'. Imagine something cute to help you remember!
す,Hiragana,SU,kawaii anime girl teaching す with cute background,す is pronounced like 'soo'. Imagine something cute to help you remember!
せ,Hiragana,SE,kawaii anime girl teaching せ with cute background,せ is pronounced like 'se in 'set''. Imagine something cute to help you remember!
そ,Hiragana,SO,kawaii anime girl teaching そ with cute background,そ is pronounced like 'so in 'song''. Imagine something cute to help you remember!
た,Hiragana,TA,kawaii anime girl teaching た with cute background,た is pronounced like 'ta in 'tap''. Imagine something cute to help you remember!
ち,Hiragana,CHI,kawaii anime girl teaching ち with cute background,ち is pronounced like 'chee'. Imagine something cute to help you remember!
つ,Hiragana,TSU,kawaii anime girl teaching つ with cute background,つ is pronounced like 'tsu in 'tsunami''. Imagine something cute to help you remember!
て,Hiragana,TE,kawaii anime girl teaching て with cute background,て is pronounced like 'te in 'ten''. Imagine something cute to help you remember!
と,Hiragana,TO,kawaii anime girl teaching と with cute background,と is pronounced like 'to in 'top''. Imagine something cute to help you remember!
な,Hiragana,NA,kawaii anime girl teaching な with cute background,な is pronounced like 'na in 'nap''. Imagine something cute to help you remember!
に,Hiragana,NI,kawaii anime girl teaching に with cute background,に is pronounced like 'nee'. Imagine something cute to help you remember!
ぬ,Hiragana,NU,kawaii anime girl teaching ぬ with cute background,ぬ is pronounced like 'noo'. Imagine something cute to help you remember!
ね,Hiragana,NE,kawaii anime girl teaching ね with cute background,ね is pronounced like 'neh'. Imagine something cute to help you remember!
の,Hiragana,NO,kawaii anime girl teaching の with cute background,の is pronounced like 'no in 'note''. Imagine something cute to help you remember!
は,Hiragana,HA,kawaii anime girl teaching は with cute background,は is pronounced like 'ha in 'hat''. Imagine something cute to help you remember!
ひ,Hiragana,HI,kawaii anime girl teaching ひ with cute background,ひ is pronounced like 'hee'. Imagine something cute to help you remember!
ふ,Hiragana,FU,kawaii anime girl teaching ふ with cute background,ふ is pronounced like 'fu in 'fun''. Imagine something cute to help you remember!
へ,Hiragana,HE,kawaii anime girl teaching へ with cute background,へ is pronounced like 'he in 'help''. Imagine something cute to help you remember!
ほ,Hiragana,HO,kawaii anime girl teaching ほ with cute background,ほ is pronounced like 'ho in 'hot''. Imagine something cute to help you remember!
ま,Hiragana,MA,kawaii anime girl teaching ま with cute background,ま is pronounced like 'ma in 'map''. Imagine something cute to help you remember!
み,Hiragana,MI,kawaii anime girl teaching み with cute background,み is pronounced like 'me in 'meat''. Imagine something cute to help you remember!
む,Hiragana,MU,kawaii anime girl teaching む with cute background,む is pronounced like 'moo'. Imagine something cute to help you remember!
め,Hiragana,ME,kawaii anime girl teaching め with cute background,め is pronounced like 'meh'. Imagine something cute to help you remember!
も,Hiragana,MO,kawaii anime girl teaching も with cute background,も is pronounced like 'mo in 'more''. Imagine something cute to help you remember!
や,Hiragana,YA,kawaii anime girl teaching や with cute background,や is pronounced like 'ya in 'yarn''. Imagine something cute to help you remember!
ゆ,Hiragana,YU,kawaii anime girl teaching ゆ with cute background,ゆ is pronounced like 'you'. Imagine something cute to help you remember!
よ,Hiragana,YO,kawaii anime girl teaching よ with cute background,よ is pronounced like 'yo in 'yoga''. Imagine something cute to help you remember!
ら,Hiragana,RA,kawaii anime girl teaching ら with cute background,ら is pronounced like 'ra in 'rabbit''. Imagine something cute to help you remember!
り,Hiragana,RI,kawaii anime girl teaching り with cute background,り is pronounced like 'ree'. Imagine something cute to help you remember!
る,Hiragana,RU,kawaii anime girl teaching る with cute background,る is pronounced like 'roo'. Imagine something cute to help you remember!
れ,Hiragana,RE,kawaii anime girl teaching れ with cute background,れ is pronounced like 'reh'. Imagine something cute to help you remember!
ろ,Hiragana,RO,kawaii anime girl teaching ろ with cute background,ろ is pronounced like 'ro in 'robot''. Imagine something cute to help you remember!
わ,Hiragana,WA,kawaii anime girl teaching わ with cute background,わ is pronounced like 'wa in 'water''. Imagine something cute to help you remember!
を,Hiragana,WO,kawaii anime girl teaching を with cute background,を is pronounced like 'wo in 'wonder''. Imagine something cute to help you remember!
ん,Hiragana,N,kawaii anime girl teaching ん with cute background,ん is pronounced like 'n in 'sun''. Imagine something cute to help you remember!
